videoId, performerId, algorithm1, algorithm2, choice
617569,user-f5591eb9-a0f4-429c-af10-eeb853341be4,4,0,4
617569,user-f5591eb9-a0f4-429c-af10-eeb853341be4,0,3,0
617569,user-f5591eb9-a0f4-429c-af10-eeb853341be4,2,3,2
617569,user-f5591eb9-a0f4-429c-af10-eeb853341be4,4,2,4
617569,user-f5591eb9-a0f4-429c-af10-eeb853341be4,2,4,4
617569,user-f5591eb9-a0f4-429c-af10-eeb853341be4,0,4,4
617569,user-f5591eb9-a0f4-429c-af10-eeb853341be4,1,3,1
617569,user-f5591eb9-a0f4-429c-af10-eeb853341be4,4,1,4
617569,user-f5591eb9-a0f4-429c-af10-eeb853341be4,3,1,1
617569,user-f5591eb9-a0f4-429c-af10-eeb853341be4,3,2,2
617569,user-f5591eb9-a0f4-429c-af10-eeb853341be4,1,4,4
617569,user-f5591eb9-a0f4-429c-af10-eeb853341be4,2,1,1
617569,user-f5591eb9-a0f4-429c-af10-eeb853341be4,1,2,2
617569,user-f5591eb9-a0f4-429c-af10-eeb853341be4,2,0,0
617569,user-f5591eb9-a0f4-429c-af10-eeb853341be4,4,3,4
617569,user-f5591eb9-a0f4-429c-af10-eeb853341be4,3,4,4
617569,user-f5591eb9-a0f4-429c-af10-eeb853341be4,1,0,0
617569,user-f5591eb9-a0f4-429c-af10-eeb853341be4,3,0,0
617569,user-f5591eb9-a0f4-429c-af10-eeb853341be4,0,2,0
617569,user-f5591eb9-a0f4-429c-af10-eeb853341be4,0,1,0
614834,user-f5591eb9-a0f4-429c-af10-eeb853341be4,2,0,0
614834,user-f5591eb9-a0f4-429c-af10-eeb853341be4,1,4,4
614834,user-f5591eb9-a0f4-429c-af10-eeb853341be4,1,3,3
614834,user-f5591eb9-a0f4-429c-af10-eeb853341be4,0,3,3
614834,user-f5591eb9-a0f4-429c-af10-eeb853341be4,1,2,1
614834,user-f5591eb9-a0f4-429c-af10-eeb853341be4,3,1,3
614834,user-f5591eb9-a0f4-429c-af10-eeb853341be4,3,4,4
614834,user-f5591eb9-a0f4-429c-af10-eeb853341be4,4,2,4
614834,user-f5591eb9-a0f4-429c-af10-eeb853341be4,4,3,4
614834,user-f5591eb9-a0f4-429c-af10-eeb853341be4,0,4,4
614834,user-f5591eb9-a0f4-429c-af10-eeb853341be4,0,2,0
614834,user-f5591eb9-a0f4-429c-af10-eeb853341be4,2,1,2
614834,user-f5591eb9-a0f4-429c-af10-eeb853341be4,4,1,4
614834,user-f5591eb9-a0f4-429c-af10-eeb853341be4,2,3,3
614834,user-f5591eb9-a0f4-429c-af10-eeb853341be4,3,2,3
614834,user-f5591eb9-a0f4-429c-af10-eeb853341be4,2,4,2
614834,user-f5591eb9-a0f4-429c-af10-eeb853341be4,0,1,0
614834,user-f5591eb9-a0f4-429c-af10-eeb853341be4,3,0,0
614834,user-f5591eb9-a0f4-429c-af10-eeb853341be4,1,0,0
614834,user-f5591eb9-a0f4-429c-af10-eeb853341be4,4,0,4
15581,user-f5591eb9-a0f4-429c-af10-eeb853341be4,0,2,2
15581,user-f5591eb9-a0f4-429c-af10-eeb853341be4,2,4,4
15581,user-f5591eb9-a0f4-429c-af10-eeb853341be4,1,2,2
15581,user-f5591eb9-a0f4-429c-af10-eeb853341be4,0,3,0
15581,user-f5591eb9-a0f4-429c-af10-eeb853341be4,3,2,2
15581,user-f5591eb9-a0f4-429c-af10-eeb853341be4,4,2,4
15581,user-f5591eb9-a0f4-429c-af10-eeb853341be4,2,0,2
15581,user-f5591eb9-a0f4-429c-af10-eeb853341be4,3,1,1
15581,user-f5591eb9-a0f4-429c-af10-eeb853341be4,0,1,1
15581,user-f5591eb9-a0f4-429c-af10-eeb853341be4,2,1,2
15581,user-f5591eb9-a0f4-429c-af10-eeb853341be4,3,0,0
15581,user-f5591eb9-a0f4-429c-af10-eeb853341be4,1,0,1
15581,user-f5591eb9-a0f4-429c-af10-eeb853341be4,2,3,2
15581,user-f5591eb9-a0f4-429c-af10-eeb853341be4,1,3,1
15581,user-f5591eb9-a0f4-429c-af10-eeb853341be4,0,4,4
15581,user-f5591eb9-a0f4-429c-af10-eeb853341be4,4,3,4
15581,user-f5591eb9-a0f4-429c-af10-eeb853341be4,4,0,4
15581,user-f5591eb9-a0f4-429c-af10-eeb853341be4,3,4,4
15581,user-f5591eb9-a0f4-429c-af10-eeb853341be4,1,4,4
15581,user-f5591eb9-a0f4-429c-af10-eeb853341be4,4,1,4
611962,user-f5591eb9-a0f4-429c-af10-eeb853341be4,3,0,0
611962,user-f5591eb9-a0f4-429c-af10-eeb853341be4,0,1,0
611962,user-f5591eb9-a0f4-429c-af10-eeb853341be4,3,4,4
611962,user-f5591eb9-a0f4-429c-af10-eeb853341be4,3,2,2
611962,user-f5591eb9-a0f4-429c-af10-eeb853341be4,0,4,0
611962,user-f5591eb9-a0f4-429c-af10-eeb853341be4,4,3,4
611962,user-f5591eb9-a0f4-429c-af10-eeb853341be4,1,4,4
611962,user-f5591eb9-a0f4-429c-af10-eeb853341be4,1,2,2
611962,user-f5591eb9-a0f4-429c-af10-eeb853341be4,2,4,4
611962,user-f5591eb9-a0f4-429c-af10-eeb853341be4,1,3,3
611962,user-f5591eb9-a0f4-429c-af10-eeb853341be4,0,3,0
611962,user-f5591eb9-a0f4-429c-af10-eeb853341be4,3,1,3
611962,user-f5591eb9-a0f4-429c-af10-eeb853341be4,1,0,0
611962,user-f5591eb9-a0f4-429c-af10-eeb853341be4,0,2,0
611962,user-f5591eb9-a0f4-429c-af10-eeb853341be4,4,1,4
611962,user-f5591eb9-a0f4-429c-af10-eeb853341be4,2,1,2
611962,user-f5591eb9-a0f4-429c-af10-eeb853341be4,4,0,4
611962,user-f5591eb9-a0f4-429c-af10-eeb853341be4,2,0,0
611962,user-f5591eb9-a0f4-429c-af10-eeb853341be4,2,3,2
611962,user-f5591eb9-a0f4-429c-af10-eeb853341be4,4,2,4
631648,user-f5591eb9-a0f4-429c-af10-eeb853341be4,2,4,4
631648,user-f5591eb9-a0f4-429c-af10-eeb853341be4,3,4,4
631648,user-f5591eb9-a0f4-429c-af10-eeb853341be4,0,3,3
631648,user-f5591eb9-a0f4-429c-af10-eeb853341be4,0,2,2
631648,user-f5591eb9-a0f4-429c-af10-eeb853341be4,1,2,2
631648,user-f5591eb9-a0f4-429c-af10-eeb853341be4,3,2,2
631648,user-f5591eb9-a0f4-429c-af10-eeb853341be4,1,3,3
631648,user-f5591eb9-a0f4-429c-af10-eeb853341be4,2,3,2
631648,user-f5591eb9-a0f4-429c-af10-eeb853341be4,0,1,0
631648,user-f5591eb9-a0f4-429c-af10-eeb853341be4,0,4,4
631648,user-f5591eb9-a0f4-429c-af10-eeb853341be4,4,1,4
631648,user-f5591eb9-a0f4-429c-af10-eeb853341be4,2,0,2
631648,user-f5591eb9-a0f4-429c-af10-eeb853341be4,4,0,4
631648,user-f5591eb9-a0f4-429c-af10-eeb853341be4,4,2,4
631648,user-f5591eb9-a0f4-429c-af10-eeb853341be4,3,0,3
631648,user-f5591eb9-a0f4-429c-af10-eeb853341be4,2,1,2
631648,user-f5591eb9-a0f4-429c-af10-eeb853341be4,4,3,4
631648,user-f5591eb9-a0f4-429c-af10-eeb853341be4,1,0,1
631648,user-f5591eb9-a0f4-429c-af10-eeb853341be4,3,1,1
631648,user-f5591eb9-a0f4-429c-af10-eeb853341be4,1,4,4
612014,user-f5591eb9-a0f4-429c-af10-eeb853341be4,0,4,0
612014,user-f5591eb9-a0f4-429c-af10-eeb853341be4,0,2,0
612014,user-f5591eb9-a0f4-429c-af10-eeb853341be4,2,1,1
612014,user-f5591eb9-a0f4-429c-af10-eeb853341be4,3,4,3
612014,user-f5591eb9-a0f4-429c-af10-eeb853341be4,3,2,3
612014,user-f5591eb9-a0f4-429c-af10-eeb853341be4,2,4,2
612014,user-f5591eb9-a0f4-429c-af10-eeb853341be4,0,3,3
612014,user-f5591eb9-a0f4-429c-af10-eeb853341be4,4,3,3
612014,user-f5591eb9-a0f4-429c-af10-eeb853341be4,1,4,1
612014,user-f5591eb9-a0f4-429c-af10-eeb853341be4,3,0,3
612014,user-f5591eb9-a0f4-429c-af10-eeb853341be4,1,3,3
612014,user-f5591eb9-a0f4-429c-af10-eeb853341be4,3,1,1
612014,user-f5591eb9-a0f4-429c-af10-eeb853341be4,2,3,3
612014,user-f5591eb9-a0f4-429c-af10-eeb853341be4,1,0,1
612014,user-f5591eb9-a0f4-429c-af10-eeb853341be4,4,0,0
612014,user-f5591eb9-a0f4-429c-af10-eeb853341be4,0,1,1
612014,user-f5591eb9-a0f4-429c-af10-eeb853341be4,4,1,1
612014,user-f5591eb9-a0f4-429c-af10-eeb853341be4,2,0,2
612014,user-f5591eb9-a0f4-429c-af10-eeb853341be4,1,2,1
612014,user-f5591eb9-a0f4-429c-af10-eeb853341be4,4,2,2
155988,user-f5591eb9-a0f4-429c-af10-eeb853341be4,0,4,4
155988,user-f5591eb9-a0f4-429c-af10-eeb853341be4,1,4,1
155988,user-f5591eb9-a0f4-429c-af10-eeb853341be4,3,4,4
155988,user-f5591eb9-a0f4-429c-af10-eeb853341be4,2,3,2
155988,user-f5591eb9-a0f4-429c-af10-eeb853341be4,4,0,4
155988,user-f5591eb9-a0f4-429c-af10-eeb853341be4,4,3,4
155988,user-f5591eb9-a0f4-429c-af10-eeb853341be4,4,1,1
155988,user-f5591eb9-a0f4-429c-af10-eeb853341be4,1,2,1
155988,user-f5591eb9-a0f4-429c-af10-eeb853341be4,4,2,4
155988,user-f5591eb9-a0f4-429c-af10-eeb853341be4,1,3,1
155988,user-f5591eb9-a0f4-429c-af10-eeb853341be4,2,4,4
155988,user-f5591eb9-a0f4-429c-af10-eeb853341be4,0,3,0
155988,user-f5591eb9-a0f4-429c-af10-eeb853341be4,2,0,2
155988,user-f5591eb9-a0f4-429c-af10-eeb853341be4,3,1,1
155988,user-f5591eb9-a0f4-429c-af10-eeb853341be4,0,1,1
155988,user-f5591eb9-a0f4-429c-af10-eeb853341be4,3,0,0
155988,user-f5591eb9-a0f4-429c-af10-eeb853341be4,3,2,2
155988,user-f5591eb9-a0f4-429c-af10-eeb853341be4,2,1,1
155988,user-f5591eb9-a0f4-429c-af10-eeb853341be4,1,0,1
155988,user-f5591eb9-a0f4-429c-af10-eeb853341be4,0,2,2
151225,user-f5591eb9-a0f4-429c-af10-eeb853341be4,4,1,4
151225,user-f5591eb9-a0f4-429c-af10-eeb853341be4,2,4,4
151225,user-f5591eb9-a0f4-429c-af10-eeb853341be4,0,4,0
151225,user-f5591eb9-a0f4-429c-af10-eeb853341be4,1,0,0
151225,user-f5591eb9-a0f4-429c-af10-eeb853341be4,2,3,3
151225,user-f5591eb9-a0f4-429c-af10-eeb853341be4,1,2,1
151225,user-f5591eb9-a0f4-429c-af10-eeb853341be4,0,2,0
151225,user-f5591eb9-a0f4-429c-af10-eeb853341be4,3,1,3
151225,user-f5591eb9-a0f4-429c-af10-eeb853341be4,0,3,3
151225,user-f5591eb9-a0f4-429c-af10-eeb853341be4,2,0,0
151225,user-f5591eb9-a0f4-429c-af10-eeb853341be4,0,1,0
151225,user-f5591eb9-a0f4-429c-af10-eeb853341be4,3,2,3
151225,user-f5591eb9-a0f4-429c-af10-eeb853341be4,2,1,2
151225,user-f5591eb9-a0f4-429c-af10-eeb853341be4,4,0,4
151225,user-f5591eb9-a0f4-429c-af10-eeb853341be4,3,0,3
151225,user-f5591eb9-a0f4-429c-af10-eeb853341be4,3,4,4
151225,user-f5591eb9-a0f4-429c-af10-eeb853341be4,4,3,4
151225,user-f5591eb9-a0f4-429c-af10-eeb853341be4,4,2,4
151225,user-f5591eb9-a0f4-429c-af10-eeb853341be4,1,4,4
151225,user-f5591eb9-a0f4-429c-af10-eeb853341be4,1,3,3
630457,user-f5591eb9-a0f4-429c-af10-eeb853341be4,2,1,1
630457,user-f5591eb9-a0f4-429c-af10-eeb853341be4,0,3,3
630457,user-f5591eb9-a0f4-429c-af10-eeb853341be4,4,1,4
630457,user-f5591eb9-a0f4-429c-af10-eeb853341be4,3,2,3
630457,user-f5591eb9-a0f4-429c-af10-eeb853341be4,1,3,1
630457,user-f5591eb9-a0f4-429c-af10-eeb853341be4,1,4,4
630457,user-f5591eb9-a0f4-429c-af10-eeb853341be4,3,0,3
630457,user-f5591eb9-a0f4-429c-af10-eeb853341be4,4,3,4
630457,user-f5591eb9-a0f4-429c-af10-eeb853341be4,2,4,4
630457,user-f5591eb9-a0f4-429c-af10-eeb853341be4,4,2,4
630457,user-f5591eb9-a0f4-429c-af10-eeb853341be4,0,4,4
630457,user-f5591eb9-a0f4-429c-af10-eeb853341be4,3,4,4
630457,user-f5591eb9-a0f4-429c-af10-eeb853341be4,1,2,1
630457,user-f5591eb9-a0f4-429c-af10-eeb853341be4,0,2,2
630457,user-f5591eb9-a0f4-429c-af10-eeb853341be4,3,1,1
630457,user-f5591eb9-a0f4-429c-af10-eeb853341be4,1,0,1
630457,user-f5591eb9-a0f4-429c-af10-eeb853341be4,0,1,1
630457,user-f5591eb9-a0f4-429c-af10-eeb853341be4,4,0,4
630457,user-f5591eb9-a0f4-429c-af10-eeb853341be4,2,3,3
630457,user-f5591eb9-a0f4-429c-af10-eeb853341be4,2,0,2
613631,user-f5591eb9-a0f4-429c-af10-eeb853341be4,4,0,4
613631,user-f5591eb9-a0f4-429c-af10-eeb853341be4,3,2,3
613631,user-f5591eb9-a0f4-429c-af10-eeb853341be4,2,3,3
613631,user-f5591eb9-a0f4-429c-af10-eeb853341be4,0,4,4
613631,user-f5591eb9-a0f4-429c-af10-eeb853341be4,1,2,1
613631,user-f5591eb9-a0f4-429c-af10-eeb853341be4,0,2,0
613631,user-f5591eb9-a0f4-429c-af10-eeb853341be4,4,3,4
613631,user-f5591eb9-a0f4-429c-af10-eeb853341be4,4,1,4
613631,user-f5591eb9-a0f4-429c-af10-eeb853341be4,2,4,4
613631,user-f5591eb9-a0f4-429c-af10-eeb853341be4,3,1,3
613631,user-f5591eb9-a0f4-429c-af10-eeb853341be4,1,4,4
613631,user-f5591eb9-a0f4-429c-af10-eeb853341be4,3,0,3
613631,user-f5591eb9-a0f4-429c-af10-eeb853341be4,4,2,4
613631,user-f5591eb9-a0f4-429c-af10-eeb853341be4,0,1,0
613631,user-f5591eb9-a0f4-429c-af10-eeb853341be4,2,0,0
613631,user-f5591eb9-a0f4-429c-af10-eeb853341be4,1,3,3
613631,user-f5591eb9-a0f4-429c-af10-eeb853341be4,0,3,3
613631,user-f5591eb9-a0f4-429c-af10-eeb853341be4,1,0,0
613631,user-f5591eb9-a0f4-429c-af10-eeb853341be4,2,1,1
613631,user-f5591eb9-a0f4-429c-af10-eeb853341be4,3,4,4
28984,user-f5591eb9-a0f4-429c-af10-eeb853341be4,1,4,4
28984,user-f5591eb9-a0f4-429c-af10-eeb853341be4,4,3,4
28984,user-f5591eb9-a0f4-429c-af10-eeb853341be4,2,4,4
28984,user-f5591eb9-a0f4-429c-af10-eeb853341be4,0,3,3
28984,user-f5591eb9-a0f4-429c-af10-eeb853341be4,3,0,3
28984,user-f5591eb9-a0f4-429c-af10-eeb853341be4,3,4,4
28984,user-f5591eb9-a0f4-429c-af10-eeb853341be4,4,1,4
28984,user-f5591eb9-a0f4-429c-af10-eeb853341be4,2,0,0
28984,user-f5591eb9-a0f4-429c-af10-eeb853341be4,1,3,3
28984,user-f5591eb9-a0f4-429c-af10-eeb853341be4,1,0,0
28984,user-f5591eb9-a0f4-429c-af10-eeb853341be4,0,2,2
28984,user-f5591eb9-a0f4-429c-af10-eeb853341be4,1,2,2
28984,user-f5591eb9-a0f4-429c-af10-eeb853341be4,2,1,2
28984,user-f5591eb9-a0f4-429c-af10-eeb853341be4,0,1,0
28984,user-f5591eb9-a0f4-429c-af10-eeb853341be4,4,0,4
28984,user-f5591eb9-a0f4-429c-af10-eeb853341be4,3,1,3
28984,user-f5591eb9-a0f4-429c-af10-eeb853341be4,0,4,4
28984,user-f5591eb9-a0f4-429c-af10-eeb853341be4,3,2,2
28984,user-f5591eb9-a0f4-429c-af10-eeb853341be4,2,3,2
28984,user-f5591eb9-a0f4-429c-af10-eeb853341be4,4,2,4
639267,user-f5591eb9-a0f4-429c-af10-eeb853341be4,0,4,0
639267,user-f5591eb9-a0f4-429c-af10-eeb853341be4,0,2,2
639267,user-f5591eb9-a0f4-429c-af10-eeb853341be4,1,2,1
639267,user-f5591eb9-a0f4-429c-af10-eeb853341be4,0,1,0
639267,user-f5591eb9-a0f4-429c-af10-eeb853341be4,2,1,1
639267,user-f5591eb9-a0f4-429c-af10-eeb853341be4,2,3,3
639267,user-f5591eb9-a0f4-429c-af10-eeb853341be4,1,0,1
639267,user-f5591eb9-a0f4-429c-af10-eeb853341be4,3,4,3
639267,user-f5591eb9-a0f4-429c-af10-eeb853341be4,2,0,0
639267,user-f5591eb9-a0f4-429c-af10-eeb853341be4,1,3,1
639267,user-f5591eb9-a0f4-429c-af10-eeb853341be4,2,4,2
639267,user-f5591eb9-a0f4-429c-af10-eeb853341be4,4,1,1
639267,user-f5591eb9-a0f4-429c-af10-eeb853341be4,4,2,2
639267,user-f5591eb9-a0f4-429c-af10-eeb853341be4,4,3,3
639267,user-f5591eb9-a0f4-429c-af10-eeb853341be4,3,1,1
639267,user-f5591eb9-a0f4-429c-af10-eeb853341be4,3,2,2
639267,user-f5591eb9-a0f4-429c-af10-eeb853341be4,3,0,3
639267,user-f5591eb9-a0f4-429c-af10-eeb853341be4,1,4,1
639267,user-f5591eb9-a0f4-429c-af10-eeb853341be4,4,0,0
639267,user-f5591eb9-a0f4-429c-af10-eeb853341be4,0,3,0
1493,user-f5591eb9-a0f4-429c-af10-eeb853341be4,4,2,2
1493,user-f5591eb9-a0f4-429c-af10-eeb853341be4,1,0,1
1493,user-f5591eb9-a0f4-429c-af10-eeb853341be4,4,0,0
1493,user-f5591eb9-a0f4-429c-af10-eeb853341be4,3,1,1
1493,user-f5591eb9-a0f4-429c-af10-eeb853341be4,0,3,0
1493,user-f5591eb9-a0f4-429c-af10-eeb853341be4,1,4,1
1493,user-f5591eb9-a0f4-429c-af10-eeb853341be4,2,0,2
1493,user-f5591eb9-a0f4-429c-af10-eeb853341be4,3,2,3
1493,user-f5591eb9-a0f4-429c-af10-eeb853341be4,4,1,1
1493,user-f5591eb9-a0f4-429c-af10-eeb853341be4,3,0,0
1493,user-f5591eb9-a0f4-429c-af10-eeb853341be4,0,1,1
1493,user-f5591eb9-a0f4-429c-af10-eeb853341be4,2,1,1
1493,user-f5591eb9-a0f4-429c-af10-eeb853341be4,1,3,1
1493,user-f5591eb9-a0f4-429c-af10-eeb853341be4,0,2,0
1493,user-f5591eb9-a0f4-429c-af10-eeb853341be4,4,3,3
1493,user-f5591eb9-a0f4-429c-af10-eeb853341be4,1,2,1
1493,user-f5591eb9-a0f4-429c-af10-eeb853341be4,2,4,2
1493,user-f5591eb9-a0f4-429c-af10-eeb853341be4,3,4,3
1493,user-f5591eb9-a0f4-429c-af10-eeb853341be4,0,4,0
1493,user-f5591eb9-a0f4-429c-af10-eeb853341be4,2,3,3
155841,user-f5591eb9-a0f4-429c-af10-eeb853341be4,2,4,2
155841,user-f5591eb9-a0f4-429c-af10-eeb853341be4,3,2,2
155841,user-f5591eb9-a0f4-429c-af10-eeb853341be4,1,0,1
155841,user-f5591eb9-a0f4-429c-af10-eeb853341be4,0,3,0
155841,user-f5591eb9-a0f4-429c-af10-eeb853341be4,4,2,2
155841,user-f5591eb9-a0f4-429c-af10-eeb853341be4,2,3,2
155841,user-f5591eb9-a0f4-429c-af10-eeb853341be4,3,1,1
155841,user-f5591eb9-a0f4-429c-af10-eeb853341be4,4,1,1
155841,user-f5591eb9-a0f4-429c-af10-eeb853341be4,1,2,2
155841,user-f5591eb9-a0f4-429c-af10-eeb853341be4,0,2,2
155841,user-f5591eb9-a0f4-429c-af10-eeb853341be4,2,1,2
155841,user-f5591eb9-a0f4-429c-af10-eeb853341be4,1,3,1
155841,user-f5591eb9-a0f4-429c-af10-eeb853341be4,3,4,4
155841,user-f5591eb9-a0f4-429c-af10-eeb853341be4,1,4,1
155841,user-f5591eb9-a0f4-429c-af10-eeb853341be4,0,4,0
155841,user-f5591eb9-a0f4-429c-af10-eeb853341be4,3,0,0
155841,user-f5591eb9-a0f4-429c-af10-eeb853341be4,2,0,2
155841,user-f5591eb9-a0f4-429c-af10-eeb853341be4,0,1,1
155841,user-f5591eb9-a0f4-429c-af10-eeb853341be4,4,0,0
155841,user-f5591eb9-a0f4-429c-af10-eeb853341be4,4,3,4
1885,user-f5591eb9-a0f4-429c-af10-eeb853341be4,2,3,3
1885,user-f5591eb9-a0f4-429c-af10-eeb853341be4,3,1,1
1885,user-f5591eb9-a0f4-429c-af10-eeb853341be4,4,2,4
1885,user-f5591eb9-a0f4-429c-af10-eeb853341be4,0,4,4
1885,user-f5591eb9-a0f4-429c-af10-eeb853341be4,3,0,3
1885,user-f5591eb9-a0f4-429c-af10-eeb853341be4,4,3,4
1885,user-f5591eb9-a0f4-429c-af10-eeb853341be4,0,3,3
1885,user-f5591eb9-a0f4-429c-af10-eeb853341be4,3,2,3
1885,user-f5591eb9-a0f4-429c-af10-eeb853341be4,2,1,1
1885,user-f5591eb9-a0f4-429c-af10-eeb853341be4,4,0,4
1885,user-f5591eb9-a0f4-429c-af10-eeb853341be4,1,3,1
1885,user-f5591eb9-a0f4-429c-af10-eeb853341be4,3,4,4
1885,user-f5591eb9-a0f4-429c-af10-eeb853341be4,1,4,4
1885,user-f5591eb9-a0f4-429c-af10-eeb853341be4,4,1,4
1885,user-f5591eb9-a0f4-429c-af10-eeb853341be4,0,2,0
1885,user-f5591eb9-a0f4-429c-af10-eeb853341be4,0,1,0
1885,user-f5591eb9-a0f4-429c-af10-eeb853341be4,1,2,1
1885,user-f5591eb9-a0f4-429c-af10-eeb853341be4,2,4,4
1885,user-f5591eb9-a0f4-429c-af10-eeb853341be4,2,0,0
1885,user-f5591eb9-a0f4-429c-af10-eeb853341be4,1,0,0
630457,user-f5591eb9-a0f4-429c-af10-eeb853341be4,4,3,4
630457,user-f5591eb9-a0f4-429c-af10-eeb853341be4,1,4,4
630457,user-f5591eb9-a0f4-429c-af10-eeb853341be4,3,4,3
630457,user-f5591eb9-a0f4-429c-af10-eeb853341be4,2,0,2
630457,user-f5591eb9-a0f4-429c-af10-eeb853341be4,0,1,0
630457,user-f5591eb9-a0f4-429c-af10-eeb853341be4,3,0,3
630457,user-f5591eb9-a0f4-429c-af10-eeb853341be4,2,1,2
630457,user-f5591eb9-a0f4-429c-af10-eeb853341be4,2,3,3
630457,user-f5591eb9-a0f4-429c-af10-eeb853341be4,3,2,3
630457,user-f5591eb9-a0f4-429c-af10-eeb853341be4,0,4,4
630457,user-f5591eb9-a0f4-429c-af10-eeb853341be4,0,3,3
630457,user-f5591eb9-a0f4-429c-af10-eeb853341be4,0,2,2
630457,user-f5591eb9-a0f4-429c-af10-eeb853341be4,3,1,3
630457,user-f5591eb9-a0f4-429c-af10-eeb853341be4,4,1,4
630457,user-f5591eb9-a0f4-429c-af10-eeb853341be4,4,2,4
630457,user-f5591eb9-a0f4-429c-af10-eeb853341be4,4,0,4
630457,user-f5591eb9-a0f4-429c-af10-eeb853341be4,2,4,2
630457,user-f5591eb9-a0f4-429c-af10-eeb853341be4,1,3,3
630457,user-f5591eb9-a0f4-429c-af10-eeb853341be4,1,0,0
630457,user-f5591eb9-a0f4-429c-af10-eeb853341be4,1,2,2
1885,user-f5591eb9-a0f4-429c-af10-eeb853341be4,4,0,4
1885,user-f5591eb9-a0f4-429c-af10-eeb853341be4,2,0,2
1885,user-f5591eb9-a0f4-429c-af10-eeb853341be4,0,1,0
1885,user-f5591eb9-a0f4-429c-af10-eeb853341be4,0,4,4
1885,user-f5591eb9-a0f4-429c-af10-eeb853341be4,4,2,4
1885,user-f5591eb9-a0f4-429c-af10-eeb853341be4,3,4,4
1885,user-f5591eb9-a0f4-429c-af10-eeb853341be4,2,4,4
1885,user-f5591eb9-a0f4-429c-af10-eeb853341be4,1,4,4
1885,user-f5591eb9-a0f4-429c-af10-eeb853341be4,4,3,4
1885,user-f5591eb9-a0f4-429c-af10-eeb853341be4,0,3,0
1885,user-f5591eb9-a0f4-429c-af10-eeb853341be4,3,2,2
1885,user-f5591eb9-a0f4-429c-af10-eeb853341be4,3,1,1
1885,user-f5591eb9-a0f4-429c-af10-eeb853341be4,4,1,4
1885,user-f5591eb9-a0f4-429c-af10-eeb853341be4,1,2,1
1885,user-f5591eb9-a0f4-429c-af10-eeb853341be4,1,3,1
1885,user-f5591eb9-a0f4-429c-af10-eeb853341be4,2,3,2
1885,user-f5591eb9-a0f4-429c-af10-eeb853341be4,3,0,0
1885,user-f5591eb9-a0f4-429c-af10-eeb853341be4,1,0,0
1885,user-f5591eb9-a0f4-429c-af10-eeb853341be4,0,2,2
1885,user-f5591eb9-a0f4-429c-af10-eeb853341be4,2,1,1
611962,user-f5591eb9-a0f4-429c-af10-eeb853341be4,1,0,0
611962,user-f5591eb9-a0f4-429c-af10-eeb853341be4,0,3,0
611962,user-f5591eb9-a0f4-429c-af10-eeb853341be4,4,2,4
611962,user-f5591eb9-a0f4-429c-af10-eeb853341be4,1,3,3
611962,user-f5591eb9-a0f4-429c-af10-eeb853341be4,4,3,4
611962,user-f5591eb9-a0f4-429c-af10-eeb853341be4,0,1,0
611962,user-f5591eb9-a0f4-429c-af10-eeb853341be4,2,4,4
611962,user-f5591eb9-a0f4-429c-af10-eeb853341be4,3,0,0
611962,user-f5591eb9-a0f4-429c-af10-eeb853341be4,1,4,4
611962,user-f5591eb9-a0f4-429c-af10-eeb853341be4,2,0,0
611962,user-f5591eb9-a0f4-429c-af10-eeb853341be4,1,2,2
611962,user-f5591eb9-a0f4-429c-af10-eeb853341be4,0,2,0
611962,user-f5591eb9-a0f4-429c-af10-eeb853341be4,3,2,3
611962,user-f5591eb9-a0f4-429c-af10-eeb853341be4,2,1,2
611962,user-f5591eb9-a0f4-429c-af10-eeb853341be4,3,1,1
611962,user-f5591eb9-a0f4-429c-af10-eeb853341be4,4,0,4
611962,user-f5591eb9-a0f4-429c-af10-eeb853341be4,2,3,3
611962,user-f5591eb9-a0f4-429c-af10-eeb853341be4,4,1,4
611962,user-f5591eb9-a0f4-429c-af10-eeb853341be4,0,4,4
611962,user-f5591eb9-a0f4-429c-af10-eeb853341be4,3,4,4
617569,user-f5591eb9-a0f4-429c-af10-eeb853341be4,1,3,1
617569,user-f5591eb9-a0f4-429c-af10-eeb853341be4,2,0,2
617569,user-f5591eb9-a0f4-429c-af10-eeb853341be4,4,3,4
617569,user-f5591eb9-a0f4-429c-af10-eeb853341be4,3,2,2
617569,user-f5591eb9-a0f4-429c-af10-eeb853341be4,3,4,4
617569,user-f5591eb9-a0f4-429c-af10-eeb853341be4,0,2,0
617569,user-f5591eb9-a0f4-429c-af10-eeb853341be4,1,4,4
617569,user-f5591eb9-a0f4-429c-af10-eeb853341be4,0,1,0
617569,user-f5591eb9-a0f4-429c-af10-eeb853341be4,1,0,0
617569,user-f5591eb9-a0f4-429c-af10-eeb853341be4,4,0,0
617569,user-f5591eb9-a0f4-429c-af10-eeb853341be4,2,4,4
617569,user-f5591eb9-a0f4-429c-af10-eeb853341be4,2,3,2
617569,user-f5591eb9-a0f4-429c-af10-eeb853341be4,3,1,1
617569,user-f5591eb9-a0f4-429c-af10-eeb853341be4,4,2,4
617569,user-f5591eb9-a0f4-429c-af10-eeb853341be4,3,0,0
617569,user-f5591eb9-a0f4-429c-af10-eeb853341be4,1,2,1
617569,user-f5591eb9-a0f4-429c-af10-eeb853341be4,0,3,0
617569,user-f5591eb9-a0f4-429c-af10-eeb853341be4,4,1,4
617569,user-f5591eb9-a0f4-429c-af10-eeb853341be4,0,4,4
617569,user-f5591eb9-a0f4-429c-af10-eeb853341be4,2,1,1
614834,user-f5591eb9-a0f4-429c-af10-eeb853341be4,0,4,4
614834,user-f5591eb9-a0f4-429c-af10-eeb853341be4,3,2,2
614834,user-f5591eb9-a0f4-429c-af10-eeb853341be4,4,2,2
614834,user-f5591eb9-a0f4-429c-af10-eeb853341be4,3,1,1
614834,user-f5591eb9-a0f4-429c-af10-eeb853341be4,2,4,2
614834,user-f5591eb9-a0f4-429c-af10-eeb853341be4,4,3,4
614834,user-f5591eb9-a0f4-429c-af10-eeb853341be4,1,2,2
614834,user-f5591eb9-a0f4-429c-af10-eeb853341be4,0,1,1
614834,user-f5591eb9-a0f4-429c-af10-eeb853341be4,0,3,0
614834,user-f5591eb9-a0f4-429c-af10-eeb853341be4,1,4,4
614834,user-f5591eb9-a0f4-429c-af10-eeb853341be4,3,4,4
614834,user-f5591eb9-a0f4-429c-af10-eeb853341be4,4,1,4
614834,user-f5591eb9-a0f4-429c-af10-eeb853341be4,4,0,4
614834,user-f5591eb9-a0f4-429c-af10-eeb853341be4,0,2,2
614834,user-f5591eb9-a0f4-429c-af10-eeb853341be4,3,0,0
614834,user-f5591eb9-a0f4-429c-af10-eeb853341be4,2,0,2
614834,user-f5591eb9-a0f4-429c-af10-eeb853341be4,1,3,1
614834,user-f5591eb9-a0f4-429c-af10-eeb853341be4,1,0,1
614834,user-f5591eb9-a0f4-429c-af10-eeb853341be4,2,1,2
614834,user-f5591eb9-a0f4-429c-af10-eeb853341be4,2,3,2
1493,user-f5591eb9-a0f4-429c-af10-eeb853341be4,0,2,2
1493,user-f5591eb9-a0f4-429c-af10-eeb853341be4,4,3,4
1493,user-f5591eb9-a0f4-429c-af10-eeb853341be4,3,4,4
1493,user-f5591eb9-a0f4-429c-af10-eeb853341be4,1,2,1
1493,user-f5591eb9-a0f4-429c-af10-eeb853341be4,2,0,2
1493,user-f5591eb9-a0f4-429c-af10-eeb853341be4,3,2,2
1493,user-f5591eb9-a0f4-429c-af10-eeb853341be4,0,3,3
1493,user-f5591eb9-a0f4-429c-af10-eeb853341be4,2,1,2
1493,user-f5591eb9-a0f4-429c-af10-eeb853341be4,2,3,2
1493,user-f5591eb9-a0f4-429c-af10-eeb853341be4,2,4,4
1493,user-f5591eb9-a0f4-429c-af10-eeb853341be4,1,0,1
1493,user-f5591eb9-a0f4-429c-af10-eeb853341be4,1,4,4
1493,user-f5591eb9-a0f4-429c-af10-eeb853341be4,4,0,4
1493,user-f5591eb9-a0f4-429c-af10-eeb853341be4,4,1,4
1493,user-f5591eb9-a0f4-429c-af10-eeb853341be4,3,1,3
1493,user-f5591eb9-a0f4-429c-af10-eeb853341be4,0,4,4
1493,user-f5591eb9-a0f4-429c-af10-eeb853341be4,4,2,4
1493,user-f5591eb9-a0f4-429c-af10-eeb853341be4,1,3,1
1493,user-f5591eb9-a0f4-429c-af10-eeb853341be4,0,1,1
1493,user-f5591eb9-a0f4-429c-af10-eeb853341be4,3,0,3
612014,user-f5591eb9-a0f4-429c-af10-eeb853341be4,0,3,3
612014,user-f5591eb9-a0f4-429c-af10-eeb853341be4,2,0,2
612014,user-f5591eb9-a0f4-429c-af10-eeb853341be4,0,2,2
612014,user-f5591eb9-a0f4-429c-af10-eeb853341be4,0,4,4
612014,user-f5591eb9-a0f4-429c-af10-eeb853341be4,3,0,3
612014,user-f5591eb9-a0f4-429c-af10-eeb853341be4,2,3,3
612014,user-f5591eb9-a0f4-429c-af10-eeb853341be4,4,1,4
612014,user-f5591eb9-a0f4-429c-af10-eeb853341be4,4,2,4
612014,user-f5591eb9-a0f4-429c-af10-eeb853341be4,4,3,3
612014,user-f5591eb9-a0f4-429c-af10-eeb853341be4,0,1,1
612014,user-f5591eb9-a0f4-429c-af10-eeb853341be4,2,4,4
612014,user-f5591eb9-a0f4-429c-af10-eeb853341be4,1,4,1
612014,user-f5591eb9-a0f4-429c-af10-eeb853341be4,4,0,4
612014,user-f5591eb9-a0f4-429c-af10-eeb853341be4,3,1,3
612014,user-f5591eb9-a0f4-429c-af10-eeb853341be4,1,0,1
612014,user-f5591eb9-a0f4-429c-af10-eeb853341be4,3,2,3
612014,user-f5591eb9-a0f4-429c-af10-eeb853341be4,1,3,3
612014,user-f5591eb9-a0f4-429c-af10-eeb853341be4,2,1,1
612014,user-f5591eb9-a0f4-429c-af10-eeb853341be4,3,4,3
612014,user-f5591eb9-a0f4-429c-af10-eeb853341be4,1,2,1
613631,user-f5591eb9-a0f4-429c-af10-eeb853341be4,3,0,0
613631,user-f5591eb9-a0f4-429c-af10-eeb853341be4,0,3,0
613631,user-f5591eb9-a0f4-429c-af10-eeb853341be4,1,0,0
613631,user-f5591eb9-a0f4-429c-af10-eeb853341be4,2,3,3
613631,user-f5591eb9-a0f4-429c-af10-eeb853341be4,4,0,0
613631,user-f5591eb9-a0f4-429c-af10-eeb853341be4,3,1,1
613631,user-f5591eb9-a0f4-429c-af10-eeb853341be4,1,3,3
613631,user-f5591eb9-a0f4-429c-af10-eeb853341be4,2,1,1
613631,user-f5591eb9-a0f4-429c-af10-eeb853341be4,3,2,3
613631,user-f5591eb9-a0f4-429c-af10-eeb853341be4,1,4,1
613631,user-f5591eb9-a0f4-429c-af10-eeb853341be4,0,2,0
613631,user-f5591eb9-a0f4-429c-af10-eeb853341be4,1,2,1
613631,user-f5591eb9-a0f4-429c-af10-eeb853341be4,3,4,3
613631,user-f5591eb9-a0f4-429c-af10-eeb853341be4,4,3,3
613631,user-f5591eb9-a0f4-429c-af10-eeb853341be4,0,1,0
613631,user-f5591eb9-a0f4-429c-af10-eeb853341be4,4,2,4
613631,user-f5591eb9-a0f4-429c-af10-eeb853341be4,0,4,0
613631,user-f5591eb9-a0f4-429c-af10-eeb853341be4,4,1,1
613631,user-f5591eb9-a0f4-429c-af10-eeb853341be4,2,0,0
613631,user-f5591eb9-a0f4-429c-af10-eeb853341be4,2,4,4
15581,user-f5591eb9-a0f4-429c-af10-eeb853341be4,1,2,2
15581,user-f5591eb9-a0f4-429c-af10-eeb853341be4,4,2,2
15581,user-f5591eb9-a0f4-429c-af10-eeb853341be4,0,3,0
15581,user-f5591eb9-a0f4-429c-af10-eeb853341be4,2,3,2
15581,user-f5591eb9-a0f4-429c-af10-eeb853341be4,2,1,1
15581,user-f5591eb9-a0f4-429c-af10-eeb853341be4,0,1,0
15581,user-f5591eb9-a0f4-429c-af10-eeb853341be4,4,0,0
15581,user-f5591eb9-a0f4-429c-af10-eeb853341be4,4,1,1
15581,user-f5591eb9-a0f4-429c-af10-eeb853341be4,3,4,3
15581,user-f5591eb9-a0f4-429c-af10-eeb853341be4,1,3,3
15581,user-f5591eb9-a0f4-429c-af10-eeb853341be4,0,4,0
15581,user-f5591eb9-a0f4-429c-af10-eeb853341be4,1,0,1
15581,user-f5591eb9-a0f4-429c-af10-eeb853341be4,1,4,1
15581,user-f5591eb9-a0f4-429c-af10-eeb853341be4,3,0,0
15581,user-f5591eb9-a0f4-429c-af10-eeb853341be4,3,2,2
15581,user-f5591eb9-a0f4-429c-af10-eeb853341be4,2,0,2
15581,user-f5591eb9-a0f4-429c-af10-eeb853341be4,3,1,3
15581,user-f5591eb9-a0f4-429c-af10-eeb853341be4,4,3,3
15581,user-f5591eb9-a0f4-429c-af10-eeb853341be4,0,2,2
15581,user-f5591eb9-a0f4-429c-af10-eeb853341be4,2,4,2
639267,user-f5591eb9-a0f4-429c-af10-eeb853341be4,0,3,0
639267,user-f5591eb9-a0f4-429c-af10-eeb853341be4,4,3,4
639267,user-f5591eb9-a0f4-429c-af10-eeb853341be4,1,2,1
639267,user-f5591eb9-a0f4-429c-af10-eeb853341be4,1,3,3
639267,user-f5591eb9-a0f4-429c-af10-eeb853341be4,4,1,4
639267,user-f5591eb9-a0f4-429c-af10-eeb853341be4,3,4,4
639267,user-f5591eb9-a0f4-429c-af10-eeb853341be4,4,0,4
639267,user-f5591eb9-a0f4-429c-af10-eeb853341be4,4,2,4
639267,user-f5591eb9-a0f4-429c-af10-eeb853341be4,0,2,0
639267,user-f5591eb9-a0f4-429c-af10-eeb853341be4,2,3,3
639267,user-f5591eb9-a0f4-429c-af10-eeb853341be4,2,0,0
639267,user-f5591eb9-a0f4-429c-af10-eeb853341be4,3,0,0
639267,user-f5591eb9-a0f4-429c-af10-eeb853341be4,0,1,0
639267,user-f5591eb9-a0f4-429c-af10-eeb853341be4,1,0,0
639267,user-f5591eb9-a0f4-429c-af10-eeb853341be4,1,4,4
639267,user-f5591eb9-a0f4-429c-af10-eeb853341be4,3,1,1
639267,user-f5591eb9-a0f4-429c-af10-eeb853341be4,2,4,4
639267,user-f5591eb9-a0f4-429c-af10-eeb853341be4,2,1,1
639267,user-f5591eb9-a0f4-429c-af10-eeb853341be4,0,4,4
639267,user-f5591eb9-a0f4-429c-af10-eeb853341be4,3,2,3
631648,user-f5591eb9-a0f4-429c-af10-eeb853341be4,0,4,4
631648,user-f5591eb9-a0f4-429c-af10-eeb853341be4,4,0,4
631648,user-f5591eb9-a0f4-429c-af10-eeb853341be4,1,0,1
631648,user-f5591eb9-a0f4-429c-af10-eeb853341be4,1,3,1
631648,user-f5591eb9-a0f4-429c-af10-eeb853341be4,2,4,2
631648,user-f5591eb9-a0f4-429c-af10-eeb853341be4,1,2,2
631648,user-f5591eb9-a0f4-429c-af10-eeb853341be4,2,0,2
631648,user-f5591eb9-a0f4-429c-af10-eeb853341be4,3,2,2
631648,user-f5591eb9-a0f4-429c-af10-eeb853341be4,3,1,3
631648,user-f5591eb9-a0f4-429c-af10-eeb853341be4,4,3,4
631648,user-f5591eb9-a0f4-429c-af10-eeb853341be4,3,4,4
631648,user-f5591eb9-a0f4-429c-af10-eeb853341be4,4,1,4
631648,user-f5591eb9-a0f4-429c-af10-eeb853341be4,0,3,3
631648,user-f5591eb9-a0f4-429c-af10-eeb853341be4,4,2,4
631648,user-f5591eb9-a0f4-429c-af10-eeb853341be4,0,1,1
631648,user-f5591eb9-a0f4-429c-af10-eeb853341be4,2,3,2
631648,user-f5591eb9-a0f4-429c-af10-eeb853341be4,2,1,2
631648,user-f5591eb9-a0f4-429c-af10-eeb853341be4,1,4,4
631648,user-f5591eb9-a0f4-429c-af10-eeb853341be4,3,0,3
631648,user-f5591eb9-a0f4-429c-af10-eeb853341be4,0,2,2
155988,user-f5591eb9-a0f4-429c-af10-eeb853341be4,2,4,4
155988,user-f5591eb9-a0f4-429c-af10-eeb853341be4,4,2,4
155988,user-f5591eb9-a0f4-429c-af10-eeb853341be4,0,3,3
155988,user-f5591eb9-a0f4-429c-af10-eeb853341be4,1,4,4
155988,user-f5591eb9-a0f4-429c-af10-eeb853341be4,4,1,4
155988,user-f5591eb9-a0f4-429c-af10-eeb853341be4,1,2,1
155988,user-f5591eb9-a0f4-429c-af10-eeb853341be4,4,0,4
155988,user-f5591eb9-a0f4-429c-af10-eeb853341be4,0,4,4
155988,user-f5591eb9-a0f4-429c-af10-eeb853341be4,2,3,2
155988,user-f5591eb9-a0f4-429c-af10-eeb853341be4,1,0,1
155988,user-f5591eb9-a0f4-429c-af10-eeb853341be4,4,3,4
155988,user-f5591eb9-a0f4-429c-af10-eeb853341be4,0,1,1
155988,user-f5591eb9-a0f4-429c-af10-eeb853341be4,1,3,1
155988,user-f5591eb9-a0f4-429c-af10-eeb853341be4,3,2,2
155988,user-f5591eb9-a0f4-429c-af10-eeb853341be4,2,0,2
155988,user-f5591eb9-a0f4-429c-af10-eeb853341be4,0,2,2
155988,user-f5591eb9-a0f4-429c-af10-eeb853341be4,3,4,4
155988,user-f5591eb9-a0f4-429c-af10-eeb853341be4,2,1,1
155988,user-f5591eb9-a0f4-429c-af10-eeb853341be4,3,0,3
155988,user-f5591eb9-a0f4-429c-af10-eeb853341be4,3,1,3
151225,user-f5591eb9-a0f4-429c-af10-eeb853341be4,0,4,4
151225,user-f5591eb9-a0f4-429c-af10-eeb853341be4,0,1,1
151225,user-f5591eb9-a0f4-429c-af10-eeb853341be4,1,2,1
151225,user-f5591eb9-a0f4-429c-af10-eeb853341be4,3,1,3
151225,user-f5591eb9-a0f4-429c-af10-eeb853341be4,4,1,4
151225,user-f5591eb9-a0f4-429c-af10-eeb853341be4,1,3,3
151225,user-f5591eb9-a0f4-429c-af10-eeb853341be4,4,2,4
151225,user-f5591eb9-a0f4-429c-af10-eeb853341be4,1,0,1
151225,user-f5591eb9-a0f4-429c-af10-eeb853341be4,4,3,4
151225,user-f5591eb9-a0f4-429c-af10-eeb853341be4,3,4,4
151225,user-f5591eb9-a0f4-429c-af10-eeb853341be4,3,0,3
151225,user-f5591eb9-a0f4-429c-af10-eeb853341be4,0,3,3
151225,user-f5591eb9-a0f4-429c-af10-eeb853341be4,4,0,4
151225,user-f5591eb9-a0f4-429c-af10-eeb853341be4,2,1,1
151225,user-f5591eb9-a0f4-429c-af10-eeb853341be4,1,4,4
151225,user-f5591eb9-a0f4-429c-af10-eeb853341be4,3,2,3
151225,user-f5591eb9-a0f4-429c-af10-eeb853341be4,0,2,2
151225,user-f5591eb9-a0f4-429c-af10-eeb853341be4,2,4,4
151225,user-f5591eb9-a0f4-429c-af10-eeb853341be4,2,0,2
151225,user-f5591eb9-a0f4-429c-af10-eeb853341be4,2,3,2
151225,user-f5591eb9-a0f4-429c-af10-eeb853341be4,4,1,1
151225,user-f5591eb9-a0f4-429c-af10-eeb853341be4,2,3,2
151225,user-f5591eb9-a0f4-429c-af10-eeb853341be4,4,2,2
151225,user-f5591eb9-a0f4-429c-af10-eeb853341be4,3,0,0
151225,user-f5591eb9-a0f4-429c-af10-eeb853341be4,0,1,1
151225,user-f5591eb9-a0f4-429c-af10-eeb853341be4,4,0,0
151225,user-f5591eb9-a0f4-429c-af10-eeb853341be4,0,4,0
151225,user-f5591eb9-a0f4-429c-af10-eeb853341be4,1,2,2
151225,user-f5591eb9-a0f4-429c-af10-eeb853341be4,1,3,1
151225,user-f5591eb9-a0f4-429c-af10-eeb853341be4,4,3,3
151225,user-f5591eb9-a0f4-429c-af10-eeb853341be4,2,0,2
151225,user-f5591eb9-a0f4-429c-af10-eeb853341be4,2,4,2
151225,user-f5591eb9-a0f4-429c-af10-eeb853341be4,3,4,3
151225,user-f5591eb9-a0f4-429c-af10-eeb853341be4,2,1,1
151225,user-f5591eb9-a0f4-429c-af10-eeb853341be4,0,2,0
151225,user-f5591eb9-a0f4-429c-af10-eeb853341be4,3,2,2
151225,user-f5591eb9-a0f4-429c-af10-eeb853341be4,1,4,1
151225,user-f5591eb9-a0f4-429c-af10-eeb853341be4,1,0,1
151225,user-f5591eb9-a0f4-429c-af10-eeb853341be4,0,3,0
151225,user-f5591eb9-a0f4-429c-af10-eeb853341be4,3,1,3
155841,user-f5591eb9-a0f4-429c-af10-eeb853341be4,1,4,1
155841,user-f5591eb9-a0f4-429c-af10-eeb853341be4,2,3,2
155841,user-f5591eb9-a0f4-429c-af10-eeb853341be4,4,1,1
155841,user-f5591eb9-a0f4-429c-af10-eeb853341be4,0,4,0
155841,user-f5591eb9-a0f4-429c-af10-eeb853341be4,1,0,0
155841,user-f5591eb9-a0f4-429c-af10-eeb853341be4,0,3,0
155841,user-f5591eb9-a0f4-429c-af10-eeb853341be4,0,1,1
155841,user-f5591eb9-a0f4-429c-af10-eeb853341be4,3,1,1
155841,user-f5591eb9-a0f4-429c-af10-eeb853341be4,1,3,1
155841,user-f5591eb9-a0f4-429c-af10-eeb853341be4,2,1,2
155841,user-f5591eb9-a0f4-429c-af10-eeb853341be4,2,4,2
155841,user-f5591eb9-a0f4-429c-af10-eeb853341be4,1,2,2
155841,user-f5591eb9-a0f4-429c-af10-eeb853341be4,3,2,2
155841,user-f5591eb9-a0f4-429c-af10-eeb853341be4,4,0,0
155841,user-f5591eb9-a0f4-429c-af10-eeb853341be4,4,2,2
155841,user-f5591eb9-a0f4-429c-af10-eeb853341be4,3,0,0
155841,user-f5591eb9-a0f4-429c-af10-eeb853341be4,3,4,4
155841,user-f5591eb9-a0f4-429c-af10-eeb853341be4,2,0,2
155841,user-f5591eb9-a0f4-429c-af10-eeb853341be4,4,3,4
155841,user-f5591eb9-a0f4-429c-af10-eeb853341be4,0,2,0
28984,user-f5591eb9-a0f4-429c-af10-eeb853341be4,4,1,4
28984,user-f5591eb9-a0f4-429c-af10-eeb853341be4,2,3,2
28984,user-f5591eb9-a0f4-429c-af10-eeb853341be4,2,0,2
28984,user-f5591eb9-a0f4-429c-af10-eeb853341be4,2,1,2
28984,user-f5591eb9-a0f4-429c-af10-eeb853341be4,4,2,4
28984,user-f5591eb9-a0f4-429c-af10-eeb853341be4,3,4,4
28984,user-f5591eb9-a0f4-429c-af10-eeb853341be4,1,2,2
28984,user-f5591eb9-a0f4-429c-af10-eeb853341be4,4,3,4
28984,user-f5591eb9-a0f4-429c-af10-eeb853341be4,1,0,0
28984,user-f5591eb9-a0f4-429c-af10-eeb853341be4,2,4,4
28984,user-f5591eb9-a0f4-429c-af10-eeb853341be4,3,2,2
28984,user-f5591eb9-a0f4-429c-af10-eeb853341be4,0,2,2
28984,user-f5591eb9-a0f4-429c-af10-eeb853341be4,0,4,4
28984,user-f5591eb9-a0f4-429c-af10-eeb853341be4,4,0,4
28984,user-f5591eb9-a0f4-429c-af10-eeb853341be4,0,1,1
28984,user-f5591eb9-a0f4-429c-af10-eeb853341be4,1,4,4
28984,user-f5591eb9-a0f4-429c-af10-eeb853341be4,3,1,1
28984,user-f5591eb9-a0f4-429c-af10-eeb853341be4,3,0,0
28984,user-f5591eb9-a0f4-429c-af10-eeb853341be4,1,3,1
28984,user-f5591eb9-a0f4-429c-af10-eeb853341be4,0,3,0
612014,user-f5591eb9-a0f4-429c-af10-eeb853341be4,2,3,3
612014,user-f5591eb9-a0f4-429c-af10-eeb853341be4,0,4,4
612014,user-f5591eb9-a0f4-429c-af10-eeb853341be4,2,4,4
612014,user-f5591eb9-a0f4-429c-af10-eeb853341be4,1,0,1
612014,user-f5591eb9-a0f4-429c-af10-eeb853341be4,4,1,4
612014,user-f5591eb9-a0f4-429c-af10-eeb853341be4,2,1,1
612014,user-f5591eb9-a0f4-429c-af10-eeb853341be4,3,4,3
612014,user-f5591eb9-a0f4-429c-af10-eeb853341be4,4,3,3
612014,user-f5591eb9-a0f4-429c-af10-eeb853341be4,1,4,1
612014,user-f5591eb9-a0f4-429c-af10-eeb853341be4,4,2,4
612014,user-f5591eb9-a0f4-429c-af10-eeb853341be4,1,2,1
612014,user-f5591eb9-a0f4-429c-af10-eeb853341be4,2,0,2
612014,user-f5591eb9-a0f4-429c-af10-eeb853341be4,3,2,3
612014,user-f5591eb9-a0f4-429c-af10-eeb853341be4,1,3,3
612014,user-f5591eb9-a0f4-429c-af10-eeb853341be4,3,0,3
612014,user-f5591eb9-a0f4-429c-af10-eeb853341be4,0,3,3
612014,user-f5591eb9-a0f4-429c-af10-eeb853341be4,0,2,2
612014,user-f5591eb9-a0f4-429c-af10-eeb853341be4,4,0,4
612014,user-f5591eb9-a0f4-429c-af10-eeb853341be4,3,1,3
612014,user-f5591eb9-a0f4-429c-af10-eeb853341be4,0,1,1
611962,user-f5591eb9-a0f4-429c-af10-eeb853341be4,1,4,1
611962,user-f5591eb9-a0f4-429c-af10-eeb853341be4,2,1,2
611962,user-f5591eb9-a0f4-429c-af10-eeb853341be4,4,1,1
611962,user-f5591eb9-a0f4-429c-af10-eeb853341be4,4,2,4
611962,user-f5591eb9-a0f4-429c-af10-eeb853341be4,3,1,3
611962,user-f5591eb9-a0f4-429c-af10-eeb853341be4,0,2,0
611962,user-f5591eb9-a0f4-429c-af10-eeb853341be4,0,3,0
611962,user-f5591eb9-a0f4-429c-af10-eeb853341be4,4,0,0
611962,user-f5591eb9-a0f4-429c-af10-eeb853341be4,4,3,3
611962,user-f5591eb9-a0f4-429c-af10-eeb853341be4,0,4,0
611962,user-f5591eb9-a0f4-429c-af10-eeb853341be4,3,4,3
611962,user-f5591eb9-a0f4-429c-af10-eeb853341be4,3,2,2
611962,user-f5591eb9-a0f4-429c-af10-eeb853341be4,3,0,3
611962,user-f5591eb9-a0f4-429c-af10-eeb853341be4,2,3,2
611962,user-f5591eb9-a0f4-429c-af10-eeb853341be4,1,3,1
611962,user-f5591eb9-a0f4-429c-af10-eeb853341be4,2,4,2
611962,user-f5591eb9-a0f4-429c-af10-eeb853341be4,0,1,0
611962,user-f5591eb9-a0f4-429c-af10-eeb853341be4,2,0,0
611962,user-f5591eb9-a0f4-429c-af10-eeb853341be4,1,0,0
611962,user-f5591eb9-a0f4-429c-af10-eeb853341be4,1,2,1
614834,user-f5591eb9-a0f4-429c-af10-eeb853341be4,3,0,3
614834,user-f5591eb9-a0f4-429c-af10-eeb853341be4,0,2,0
614834,user-f5591eb9-a0f4-429c-af10-eeb853341be4,1,4,1
614834,user-f5591eb9-a0f4-429c-af10-eeb853341be4,4,3,3
614834,user-f5591eb9-a0f4-429c-af10-eeb853341be4,4,0,0
614834,user-f5591eb9-a0f4-429c-af10-eeb853341be4,1,0,0
614834,user-f5591eb9-a0f4-429c-af10-eeb853341be4,3,1,3
614834,user-f5591eb9-a0f4-429c-af10-eeb853341be4,0,1,1
614834,user-f5591eb9-a0f4-429c-af10-eeb853341be4,2,3,3
614834,user-f5591eb9-a0f4-429c-af10-eeb853341be4,1,3,3
614834,user-f5591eb9-a0f4-429c-af10-eeb853341be4,4,1,1
614834,user-f5591eb9-a0f4-429c-af10-eeb853341be4,0,3,3
614834,user-f5591eb9-a0f4-429c-af10-eeb853341be4,2,1,2
614834,user-f5591eb9-a0f4-429c-af10-eeb853341be4,2,4,2
614834,user-f5591eb9-a0f4-429c-af10-eeb853341be4,1,2,2
614834,user-f5591eb9-a0f4-429c-af10-eeb853341be4,4,2,2
614834,user-f5591eb9-a0f4-429c-af10-eeb853341be4,0,4,0
614834,user-f5591eb9-a0f4-429c-af10-eeb853341be4,3,2,3
614834,user-f5591eb9-a0f4-429c-af10-eeb853341be4,3,4,3
614834,user-f5591eb9-a0f4-429c-af10-eeb853341be4,2,0,0
1493,user-f5591eb9-a0f4-429c-af10-eeb853341be4,3,1,1
1493,user-f5591eb9-a0f4-429c-af10-eeb853341be4,2,1,2
1493,user-f5591eb9-a0f4-429c-af10-eeb853341be4,1,2,2
1493,user-f5591eb9-a0f4-429c-af10-eeb853341be4,1,4,1
1493,user-f5591eb9-a0f4-429c-af10-eeb853341be4,4,2,2
1493,user-f5591eb9-a0f4-429c-af10-eeb853341be4,1,0,0
1493,user-f5591eb9-a0f4-429c-af10-eeb853341be4,4,0,0
1493,user-f5591eb9-a0f4-429c-af10-eeb853341be4,0,2,0
1493,user-f5591eb9-a0f4-429c-af10-eeb853341be4,0,1,0
1493,user-f5591eb9-a0f4-429c-af10-eeb853341be4,0,4,0
1493,user-f5591eb9-a0f4-429c-af10-eeb853341be4,4,3,3
1493,user-f5591eb9-a0f4-429c-af10-eeb853341be4,0,3,0
1493,user-f5591eb9-a0f4-429c-af10-eeb853341be4,2,3,2
1493,user-f5591eb9-a0f4-429c-af10-eeb853341be4,3,4,3
1493,user-f5591eb9-a0f4-429c-af10-eeb853341be4,2,4,2
1493,user-f5591eb9-a0f4-429c-af10-eeb853341be4,2,0,0
1493,user-f5591eb9-a0f4-429c-af10-eeb853341be4,3,0,0
1493,user-f5591eb9-a0f4-429c-af10-eeb853341be4,3,2,2
1493,user-f5591eb9-a0f4-429c-af10-eeb853341be4,1,3,1
1493,user-f5591eb9-a0f4-429c-af10-eeb853341be4,4,1,1
631648,user-f5591eb9-a0f4-429c-af10-eeb853341be4,1,2,2
631648,user-f5591eb9-a0f4-429c-af10-eeb853341be4,2,3,2
631648,user-f5591eb9-a0f4-429c-af10-eeb853341be4,3,2,3
631648,user-f5591eb9-a0f4-429c-af10-eeb853341be4,4,1,4
631648,user-f5591eb9-a0f4-429c-af10-eeb853341be4,4,3,4
631648,user-f5591eb9-a0f4-429c-af10-eeb853341be4,3,1,1
631648,user-f5591eb9-a0f4-429c-af10-eeb853341be4,4,0,4
631648,user-f5591eb9-a0f4-429c-af10-eeb853341be4,0,4,4
631648,user-f5591eb9-a0f4-429c-af10-eeb853341be4,4,2,4
631648,user-f5591eb9-a0f4-429c-af10-eeb853341be4,0,3,0
631648,user-f5591eb9-a0f4-429c-af10-eeb853341be4,3,4,4
631648,user-f5591eb9-a0f4-429c-af10-eeb853341be4,2,4,4
631648,user-f5591eb9-a0f4-429c-af10-eeb853341be4,0,2,2
631648,user-f5591eb9-a0f4-429c-af10-eeb853341be4,1,4,4
631648,user-f5591eb9-a0f4-429c-af10-eeb853341be4,0,1,0
631648,user-f5591eb9-a0f4-429c-af10-eeb853341be4,1,3,1
631648,user-f5591eb9-a0f4-429c-af10-eeb853341be4,2,0,2
631648,user-f5591eb9-a0f4-429c-af10-eeb853341be4,3,0,3
631648,user-f5591eb9-a0f4-429c-af10-eeb853341be4,2,1,2
631648,user-f5591eb9-a0f4-429c-af10-eeb853341be4,1,0,1
151225,user-f5591eb9-a0f4-429c-af10-eeb853341be4,1,4,4
151225,user-f5591eb9-a0f4-429c-af10-eeb853341be4,2,1,1
151225,user-f5591eb9-a0f4-429c-af10-eeb853341be4,3,1,1
151225,user-f5591eb9-a0f4-429c-af10-eeb853341be4,2,0,0
151225,user-f5591eb9-a0f4-429c-af10-eeb853341be4,3,4,4
151225,user-f5591eb9-a0f4-429c-af10-eeb853341be4,2,3,2
151225,user-f5591eb9-a0f4-429c-af10-eeb853341be4,0,3,3
151225,user-f5591eb9-a0f4-429c-af10-eeb853341be4,1,2,1
151225,user-f5591eb9-a0f4-429c-af10-eeb853341be4,1,0,1
151225,user-f5591eb9-a0f4-429c-af10-eeb853341be4,4,3,4
151225,user-f5591eb9-a0f4-429c-af10-eeb853341be4,1,3,1
151225,user-f5591eb9-a0f4-429c-af10-eeb853341be4,4,2,4
151225,user-f5591eb9-a0f4-429c-af10-eeb853341be4,2,4,4
151225,user-f5591eb9-a0f4-429c-af10-eeb853341be4,0,4,0
151225,user-f5591eb9-a0f4-429c-af10-eeb853341be4,0,1,0
151225,user-f5591eb9-a0f4-429c-af10-eeb853341be4,3,0,3
151225,user-f5591eb9-a0f4-429c-af10-eeb853341be4,0,2,0
151225,user-f5591eb9-a0f4-429c-af10-eeb853341be4,4,0,4
151225,user-f5591eb9-a0f4-429c-af10-eeb853341be4,4,1,4
151225,user-f5591eb9-a0f4-429c-af10-eeb853341be4,3,2,3
155841,user-f5591eb9-a0f4-429c-af10-eeb853341be4,3,4,3
155841,user-f5591eb9-a0f4-429c-af10-eeb853341be4,3,0,0
155841,user-f5591eb9-a0f4-429c-af10-eeb853341be4,1,4,4
155841,user-f5591eb9-a0f4-429c-af10-eeb853341be4,3,1,3
155841,user-f5591eb9-a0f4-429c-af10-eeb853341be4,1,0,0
155841,user-f5591eb9-a0f4-429c-af10-eeb853341be4,2,0,0
155841,user-f5591eb9-a0f4-429c-af10-eeb853341be4,2,4,2
155841,user-f5591eb9-a0f4-429c-af10-eeb853341be4,4,0,0
155841,user-f5591eb9-a0f4-429c-af10-eeb853341be4,0,2,0
155841,user-f5591eb9-a0f4-429c-af10-eeb853341be4,1,3,1
155841,user-f5591eb9-a0f4-429c-af10-eeb853341be4,2,1,1
155841,user-f5591eb9-a0f4-429c-af10-eeb853341be4,4,3,3
155841,user-f5591eb9-a0f4-429c-af10-eeb853341be4,0,3,0
155841,user-f5591eb9-a0f4-429c-af10-eeb853341be4,2,3,3
155841,user-f5591eb9-a0f4-429c-af10-eeb853341be4,3,2,3
155841,user-f5591eb9-a0f4-429c-af10-eeb853341be4,0,4,4
155841,user-f5591eb9-a0f4-429c-af10-eeb853341be4,4,1,1
155841,user-f5591eb9-a0f4-429c-af10-eeb853341be4,0,1,0
155841,user-f5591eb9-a0f4-429c-af10-eeb853341be4,4,2,2
155841,user-f5591eb9-a0f4-429c-af10-eeb853341be4,1,2,1
639267,user-f5591eb9-a0f4-429c-af10-eeb853341be4,2,1,2
639267,user-f5591eb9-a0f4-429c-af10-eeb853341be4,1,4,1
639267,user-f5591eb9-a0f4-429c-af10-eeb853341be4,3,4,3
639267,user-f5591eb9-a0f4-429c-af10-eeb853341be4,4,1,1
639267,user-f5591eb9-a0f4-429c-af10-eeb853341be4,3,2,2
639267,user-f5591eb9-a0f4-429c-af10-eeb853341be4,4,3,4
639267,user-f5591eb9-a0f4-429c-af10-eeb853341be4,0,1,0
639267,user-f5591eb9-a0f4-429c-af10-eeb853341be4,1,2,2
639267,user-f5591eb9-a0f4-429c-af10-eeb853341be4,4,0,0
639267,user-f5591eb9-a0f4-429c-af10-eeb853341be4,2,3,2
639267,user-f5591eb9-a0f4-429c-af10-eeb853341be4,4,2,2
639267,user-f5591eb9-a0f4-429c-af10-eeb853341be4,1,0,0
639267,user-f5591eb9-a0f4-429c-af10-eeb853341be4,2,4,2
639267,user-f5591eb9-a0f4-429c-af10-eeb853341be4,3,1,3
639267,user-f5591eb9-a0f4-429c-af10-eeb853341be4,0,3,0
639267,user-f5591eb9-a0f4-429c-af10-eeb853341be4,0,2,2
639267,user-f5591eb9-a0f4-429c-af10-eeb853341be4,2,0,2
639267,user-f5591eb9-a0f4-429c-af10-eeb853341be4,1,3,3
639267,user-f5591eb9-a0f4-429c-af10-eeb853341be4,3,0,0
639267,user-f5591eb9-a0f4-429c-af10-eeb853341be4,0,4,0
617569,user-f5591eb9-a0f4-429c-af10-eeb853341be4,4,3,4
617569,user-f5591eb9-a0f4-429c-af10-eeb853341be4,0,2,0
617569,user-f5591eb9-a0f4-429c-af10-eeb853341be4,0,1,0
617569,user-f5591eb9-a0f4-429c-af10-eeb853341be4,0,3,0
617569,user-f5591eb9-a0f4-429c-af10-eeb853341be4,2,4,4
617569,user-f5591eb9-a0f4-429c-af10-eeb853341be4,4,1,4
617569,user-f5591eb9-a0f4-429c-af10-eeb853341be4,1,2,1
617569,user-f5591eb9-a0f4-429c-af10-eeb853341be4,3,0,0
617569,user-f5591eb9-a0f4-429c-af10-eeb853341be4,1,3,1
617569,user-f5591eb9-a0f4-429c-af10-eeb853341be4,4,2,4
617569,user-f5591eb9-a0f4-429c-af10-eeb853341be4,3,2,2
617569,user-f5591eb9-a0f4-429c-af10-eeb853341be4,1,4,4
617569,user-f5591eb9-a0f4-429c-af10-eeb853341be4,2,1,1
617569,user-f5591eb9-a0f4-429c-af10-eeb853341be4,2,3,2
617569,user-f5591eb9-a0f4-429c-af10-eeb853341be4,1,0,0
617569,user-f5591eb9-a0f4-429c-af10-eeb853341be4,3,1,1
617569,user-f5591eb9-a0f4-429c-af10-eeb853341be4,4,0,4
617569,user-f5591eb9-a0f4-429c-af10-eeb853341be4,3,4,4
617569,user-f5591eb9-a0f4-429c-af10-eeb853341be4,0,4,4
617569,user-f5591eb9-a0f4-429c-af10-eeb853341be4,2,0,0
15581,user-f5591eb9-a0f4-429c-af10-eeb853341be4,4,1,1
15581,user-f5591eb9-a0f4-429c-af10-eeb853341be4,4,3,3
15581,user-f5591eb9-a0f4-429c-af10-eeb853341be4,0,3,0
15581,user-f5591eb9-a0f4-429c-af10-eeb853341be4,4,0,0
15581,user-f5591eb9-a0f4-429c-af10-eeb853341be4,2,0,2
15581,user-f5591eb9-a0f4-429c-af10-eeb853341be4,0,2,2
15581,user-f5591eb9-a0f4-429c-af10-eeb853341be4,4,2,2
15581,user-f5591eb9-a0f4-429c-af10-eeb853341be4,2,3,2
15581,user-f5591eb9-a0f4-429c-af10-eeb853341be4,1,4,1
15581,user-f5591eb9-a0f4-429c-af10-eeb853341be4,2,4,2
15581,user-f5591eb9-a0f4-429c-af10-eeb853341be4,0,1,1
15581,user-f5591eb9-a0f4-429c-af10-eeb853341be4,3,2,2
15581,user-f5591eb9-a0f4-429c-af10-eeb853341be4,3,1,1
15581,user-f5591eb9-a0f4-429c-af10-eeb853341be4,3,4,4
15581,user-f5591eb9-a0f4-429c-af10-eeb853341be4,1,3,1
15581,user-f5591eb9-a0f4-429c-af10-eeb853341be4,1,2,2
15581,user-f5591eb9-a0f4-429c-af10-eeb853341be4,3,0,0
15581,user-f5591eb9-a0f4-429c-af10-eeb853341be4,0,4,4
15581,user-f5591eb9-a0f4-429c-af10-eeb853341be4,2,1,2
15581,user-f5591eb9-a0f4-429c-af10-eeb853341be4,1,0,1
1885,user-f5591eb9-a0f4-429c-af10-eeb853341be4,4,2,4
1885,user-f5591eb9-a0f4-429c-af10-eeb853341be4,3,0,0
1885,user-f5591eb9-a0f4-429c-af10-eeb853341be4,4,1,4
1885,user-f5591eb9-a0f4-429c-af10-eeb853341be4,1,2,1
1885,user-f5591eb9-a0f4-429c-af10-eeb853341be4,3,2,3
1885,user-f5591eb9-a0f4-429c-af10-eeb853341be4,0,1,0
1885,user-f5591eb9-a0f4-429c-af10-eeb853341be4,2,1,1
1885,user-f5591eb9-a0f4-429c-af10-eeb853341be4,1,4,4
1885,user-f5591eb9-a0f4-429c-af10-eeb853341be4,1,0,0
1885,user-f5591eb9-a0f4-429c-af10-eeb853341be4,2,0,0
1885,user-f5591eb9-a0f4-429c-af10-eeb853341be4,0,2,0
1885,user-f5591eb9-a0f4-429c-af10-eeb853341be4,4,3,4
1885,user-f5591eb9-a0f4-429c-af10-eeb853341be4,0,3,0
1885,user-f5591eb9-a0f4-429c-af10-eeb853341be4,3,4,4
1885,user-f5591eb9-a0f4-429c-af10-eeb853341be4,2,4,4
1885,user-f5591eb9-a0f4-429c-af10-eeb853341be4,1,3,3
1885,user-f5591eb9-a0f4-429c-af10-eeb853341be4,0,4,4
1885,user-f5591eb9-a0f4-429c-af10-eeb853341be4,3,1,1
1885,user-f5591eb9-a0f4-429c-af10-eeb853341be4,4,0,4
1885,user-f5591eb9-a0f4-429c-af10-eeb853341be4,2,3,3
1885,user-f5591eb9-a0f4-429c-af10-eeb853341be4,1,4,4
1885,user-f5591eb9-a0f4-429c-af10-eeb853341be4,2,3,3
1885,user-f5591eb9-a0f4-429c-af10-eeb853341be4,4,3,4
1885,user-f5591eb9-a0f4-429c-af10-eeb853341be4,2,4,4
1885,user-f5591eb9-a0f4-429c-af10-eeb853341be4,1,3,3
1885,user-f5591eb9-a0f4-429c-af10-eeb853341be4,3,1,3
1885,user-f5591eb9-a0f4-429c-af10-eeb853341be4,2,1,1
1885,user-f5591eb9-a0f4-429c-af10-eeb853341be4,0,3,3
1885,user-f5591eb9-a0f4-429c-af10-eeb853341be4,0,2,0
1885,user-f5591eb9-a0f4-429c-af10-eeb853341be4,3,2,3
1885,user-f5591eb9-a0f4-429c-af10-eeb853341be4,4,1,4
1885,user-f5591eb9-a0f4-429c-af10-eeb853341be4,0,1,0
1885,user-f5591eb9-a0f4-429c-af10-eeb853341be4,3,0,3
1885,user-f5591eb9-a0f4-429c-af10-eeb853341be4,0,4,4
1885,user-f5591eb9-a0f4-429c-af10-eeb853341be4,1,0,0
1885,user-f5591eb9-a0f4-429c-af10-eeb853341be4,2,0,2
1885,user-f5591eb9-a0f4-429c-af10-eeb853341be4,3,4,4
1885,user-f5591eb9-a0f4-429c-af10-eeb853341be4,4,2,4
1885,user-f5591eb9-a0f4-429c-af10-eeb853341be4,4,0,4
1885,user-f5591eb9-a0f4-429c-af10-eeb853341be4,1,2,1
155988,user-f5591eb9-a0f4-429c-af10-eeb853341be4,1,4,1
155988,user-f5591eb9-a0f4-429c-af10-eeb853341be4,4,2,2
155988,user-f5591eb9-a0f4-429c-af10-eeb853341be4,2,4,2
155988,user-f5591eb9-a0f4-429c-af10-eeb853341be4,1,3,1
155988,user-f5591eb9-a0f4-429c-af10-eeb853341be4,1,0,0
155988,user-f5591eb9-a0f4-429c-af10-eeb853341be4,0,4,0
155988,user-f5591eb9-a0f4-429c-af10-eeb853341be4,3,0,0
155988,user-f5591eb9-a0f4-429c-af10-eeb853341be4,0,1,1
155988,user-f5591eb9-a0f4-429c-af10-eeb853341be4,3,2,2
155988,user-f5591eb9-a0f4-429c-af10-eeb853341be4,3,4,3
155988,user-f5591eb9-a0f4-429c-af10-eeb853341be4,0,2,0
155988,user-f5591eb9-a0f4-429c-af10-eeb853341be4,0,3,0
155988,user-f5591eb9-a0f4-429c-af10-eeb853341be4,2,0,0
155988,user-f5591eb9-a0f4-429c-af10-eeb853341be4,4,3,3
155988,user-f5591eb9-a0f4-429c-af10-eeb853341be4,2,3,2
155988,user-f5591eb9-a0f4-429c-af10-eeb853341be4,1,2,1
155988,user-f5591eb9-a0f4-429c-af10-eeb853341be4,3,1,1
155988,user-f5591eb9-a0f4-429c-af10-eeb853341be4,4,0,0
155988,user-f5591eb9-a0f4-429c-af10-eeb853341be4,2,1,1
155988,user-f5591eb9-a0f4-429c-af10-eeb853341be4,4,1,1
28984,user-f5591eb9-a0f4-429c-af10-eeb853341be4,0,4,4
28984,user-f5591eb9-a0f4-429c-af10-eeb853341be4,3,4,4
28984,user-f5591eb9-a0f4-429c-af10-eeb853341be4,2,3,2
28984,user-f5591eb9-a0f4-429c-af10-eeb853341be4,0,1,0
28984,user-f5591eb9-a0f4-429c-af10-eeb853341be4,4,0,4
28984,user-f5591eb9-a0f4-429c-af10-eeb853341be4,2,1,2
28984,user-f5591eb9-a0f4-429c-af10-eeb853341be4,4,3,4
28984,user-f5591eb9-a0f4-429c-af10-eeb853341be4,2,0,2
28984,user-f5591eb9-a0f4-429c-af10-eeb853341be4,3,1,1
28984,user-f5591eb9-a0f4-429c-af10-eeb853341be4,1,3,1
28984,user-f5591eb9-a0f4-429c-af10-eeb853341be4,0,2,2
28984,user-f5591eb9-a0f4-429c-af10-eeb853341be4,3,2,2
28984,user-f5591eb9-a0f4-429c-af10-eeb853341be4,2,4,4
28984,user-f5591eb9-a0f4-429c-af10-eeb853341be4,1,0,0
28984,user-f5591eb9-a0f4-429c-af10-eeb853341be4,1,2,2
28984,user-f5591eb9-a0f4-429c-af10-eeb853341be4,4,2,4
28984,user-f5591eb9-a0f4-429c-af10-eeb853341be4,1,4,4
28984,user-f5591eb9-a0f4-429c-af10-eeb853341be4,3,0,0
28984,user-f5591eb9-a0f4-429c-af10-eeb853341be4,0,3,0
28984,user-f5591eb9-a0f4-429c-af10-eeb853341be4,4,1,4
28984,user-f5591eb9-a0f4-429c-af10-eeb853341be4,4,3,3
28984,user-f5591eb9-a0f4-429c-af10-eeb853341be4,0,4,4
28984,user-f5591eb9-a0f4-429c-af10-eeb853341be4,2,1,1
28984,user-f5591eb9-a0f4-429c-af10-eeb853341be4,4,2,4
28984,user-f5591eb9-a0f4-429c-af10-eeb853341be4,1,3,1
28984,user-f5591eb9-a0f4-429c-af10-eeb853341be4,1,4,4
28984,user-f5591eb9-a0f4-429c-af10-eeb853341be4,3,1,1
28984,user-f5591eb9-a0f4-429c-af10-eeb853341be4,2,3,3
28984,user-f5591eb9-a0f4-429c-af10-eeb853341be4,2,0,0
28984,user-f5591eb9-a0f4-429c-af10-eeb853341be4,2,4,2
28984,user-f5591eb9-a0f4-429c-af10-eeb853341be4,0,1,1
28984,user-f5591eb9-a0f4-429c-af10-eeb853341be4,3,2,2
28984,user-f5591eb9-a0f4-429c-af10-eeb853341be4,3,0,3
28984,user-f5591eb9-a0f4-429c-af10-eeb853341be4,4,1,1
28984,user-f5591eb9-a0f4-429c-af10-eeb853341be4,3,4,3
28984,user-f5591eb9-a0f4-429c-af10-eeb853341be4,1,0,1
28984,user-f5591eb9-a0f4-429c-af10-eeb853341be4,0,3,0
28984,user-f5591eb9-a0f4-429c-af10-eeb853341be4,0,2,2
28984,user-f5591eb9-a0f4-429c-af10-eeb853341be4,4,0,0
28984,user-f5591eb9-a0f4-429c-af10-eeb853341be4,1,2,1
613631,user-f5591eb9-a0f4-429c-af10-eeb853341be4,0,4,4
613631,user-f5591eb9-a0f4-429c-af10-eeb853341be4,2,4,4
613631,user-f5591eb9-a0f4-429c-af10-eeb853341be4,3,0,3
613631,user-f5591eb9-a0f4-429c-af10-eeb853341be4,0,1,0
613631,user-f5591eb9-a0f4-429c-af10-eeb853341be4,3,2,2
613631,user-f5591eb9-a0f4-429c-af10-eeb853341be4,1,4,4
613631,user-f5591eb9-a0f4-429c-af10-eeb853341be4,1,3,3
613631,user-f5591eb9-a0f4-429c-af10-eeb853341be4,3,4,4
613631,user-f5591eb9-a0f4-429c-af10-eeb853341be4,2,3,2
613631,user-f5591eb9-a0f4-429c-af10-eeb853341be4,1,2,2
613631,user-f5591eb9-a0f4-429c-af10-eeb853341be4,4,1,4
613631,user-f5591eb9-a0f4-429c-af10-eeb853341be4,4,0,4
613631,user-f5591eb9-a0f4-429c-af10-eeb853341be4,0,2,2
613631,user-f5591eb9-a0f4-429c-af10-eeb853341be4,3,1,1
613631,user-f5591eb9-a0f4-429c-af10-eeb853341be4,2,1,2
613631,user-f5591eb9-a0f4-429c-af10-eeb853341be4,2,0,2
613631,user-f5591eb9-a0f4-429c-af10-eeb853341be4,4,2,4
613631,user-f5591eb9-a0f4-429c-af10-eeb853341be4,0,3,3
613631,user-f5591eb9-a0f4-429c-af10-eeb853341be4,1,0,0
613631,user-f5591eb9-a0f4-429c-af10-eeb853341be4,4,3,4
630457,user-f5591eb9-a0f4-429c-af10-eeb853341be4,3,1,3
630457,user-f5591eb9-a0f4-429c-af10-eeb853341be4,4,3,4
630457,user-f5591eb9-a0f4-429c-af10-eeb853341be4,3,0,3
630457,user-f5591eb9-a0f4-429c-af10-eeb853341be4,4,0,4
630457,user-f5591eb9-a0f4-429c-af10-eeb853341be4,4,2,4
630457,user-f5591eb9-a0f4-429c-af10-eeb853341be4,1,0,1
630457,user-f5591eb9-a0f4-429c-af10-eeb853341be4,1,2,2
630457,user-f5591eb9-a0f4-429c-af10-eeb853341be4,0,4,4
630457,user-f5591eb9-a0f4-429c-af10-eeb853341be4,1,3,3
630457,user-f5591eb9-a0f4-429c-af10-eeb853341be4,2,3,3
630457,user-f5591eb9-a0f4-429c-af10-eeb853341be4,0,1,0
630457,user-f5591eb9-a0f4-429c-af10-eeb853341be4,3,4,3
630457,user-f5591eb9-a0f4-429c-af10-eeb853341be4,0,2,2
630457,user-f5591eb9-a0f4-429c-af10-eeb853341be4,2,1,2
630457,user-f5591eb9-a0f4-429c-af10-eeb853341be4,2,0,2
630457,user-f5591eb9-a0f4-429c-af10-eeb853341be4,4,1,4
630457,user-f5591eb9-a0f4-429c-af10-eeb853341be4,2,4,4
630457,user-f5591eb9-a0f4-429c-af10-eeb853341be4,3,2,3
630457,user-f5591eb9-a0f4-429c-af10-eeb853341be4,1,4,4
630457,user-f5591eb9-a0f4-429c-af10-eeb853341be4,0,3,3
630457,user-f5591eb9-a0f4-429c-af10-eeb853341be4,4,0,4
630457,user-f5591eb9-a0f4-429c-af10-eeb853341be4,0,3,3
630457,user-f5591eb9-a0f4-429c-af10-eeb853341be4,1,3,3
630457,user-f5591eb9-a0f4-429c-af10-eeb853341be4,3,0,3
630457,user-f5591eb9-a0f4-429c-af10-eeb853341be4,3,1,3
630457,user-f5591eb9-a0f4-429c-af10-eeb853341be4,1,0,1
630457,user-f5591eb9-a0f4-429c-af10-eeb853341be4,3,2,2
630457,user-f5591eb9-a0f4-429c-af10-eeb853341be4,1,4,4
630457,user-f5591eb9-a0f4-429c-af10-eeb853341be4,0,1,1
630457,user-f5591eb9-a0f4-429c-af10-eeb853341be4,2,3,3
630457,user-f5591eb9-a0f4-429c-af10-eeb853341be4,2,0,2
630457,user-f5591eb9-a0f4-429c-af10-eeb853341be4,2,1,2
630457,user-f5591eb9-a0f4-429c-af10-eeb853341be4,3,4,3
630457,user-f5591eb9-a0f4-429c-af10-eeb853341be4,2,4,2
630457,user-f5591eb9-a0f4-429c-af10-eeb853341be4,4,3,3
630457,user-f5591eb9-a0f4-429c-af10-eeb853341be4,4,1,1
630457,user-f5591eb9-a0f4-429c-af10-eeb853341be4,4,2,2
630457,user-f5591eb9-a0f4-429c-af10-eeb853341be4,0,4,0
630457,user-f5591eb9-a0f4-429c-af10-eeb853341be4,1,2,2
630457,user-f5591eb9-a0f4-429c-af10-eeb853341be4,0,2,2
